<?xml version="1.0" encoding="iso-8859-1"?>
<Log>
	<ErrorReport>
		<ErrorTitle>Address Error</ErrorTitle>
		<Registers>
			<d0>0x0000005c</d0>
			<d1>0x00000000</d1>
			<d2>0xffffffff</d2>
			<d3>0x00002dee</d3>
			<d4>0x00000000</d4>
			<d5>0x000a0001</d5>
			<d6>0x00003463</d6>
			<d7>0x00003463</d7>
			<a0>0x00004c00</a0>
			<a1>0x00005b00</a1>
			<a2>0x0003ea0e</a2>
			<a3>0x0003e25a</a3>
			<a4>0x0000b260</a4>
			<a5>0x0023a93c</a5>
			<a6>0x00003cee</a6>
			<usp>0x00002de6</usp>
			<ssp>0x00004c00</ssp>
		</Registers>
		<ErrorFrame type="0">
			<Flags>0x0011</Flags>
			<AccessAddress>0x00000011</AccessAddress>
			<InstructionRegister>0x21f8</InstructionRegister>
			<ProgramCounter>0x0003e622</ProgramCounter>
			<StatusRegister>0x0000</StatusRegister>
		</ErrorFrame>
	</ErrorReport>
	<ErrorReport>
		<ErrorTitle>Illegal Instruction</ErrorTitle>
		<Registers>
			<d0>0x00000066</d0>
			<d1>0x00000000</d1>
			<d2>0xffffffff</d2>
			<d3>0x00002dee</d3>
			<d4>0x00000000</d4>
			<d5>0x000a0001</d5>
			<d6>0x00003463</d6>
			<d7>0x00003463</d7>
			<a0>0x00004c00</a0>
			<a1>0x00005b00</a1>
			<a2>0x0003ea0e</a2>
			<a3>0x0003e25a</a3>
			<a4>0x0000b260</a4>
			<a5>0x0023a93c</a5>
			<a6>0x00003cee</a6>
			<usp>0x00002de6</usp>
			<ssp>0x00004c00</ssp>
		</Registers>
		<ErrorFrame type="1">
			<Flags>0x0000</Flags>
			<AccessAddress>0x00000000</AccessAddress>
			<InstructionRegister>0x0000</InstructionRegister>
			<ProgramCounter>0x0003e628</ProgramCounter>
			<StatusRegister>0x0000</StatusRegister>
		</ErrorFrame>
	</ErrorReport>
	<ErrorReport>
		<ErrorTitle>Divide by Zero</ErrorTitle>
		<Registers>
			<d0>0x0000006c</d0>
			<d1>0x00000000</d1>
			<d2>0xffffffff</d2>
			<d3>0x00002dee</d3>
			<d4>0x00000000</d4>
			<d5>0x000a0001</d5>
			<d6>0x00003463</d6>
			<d7>0x00003463</d7>
			<a0>0x00004c00</a0>
			<a1>0x00005b00</a1>
			<a2>0x0003ea0e</a2>
			<a3>0x0003e25a</a3>
			<a4>0x0000b260</a4>
			<a5>0x0023a93c</a5>
			<a6>0x00003cee</a6>
			<usp>0x00002de6</usp>
			<ssp>0x00004c00</ssp>
		</Registers>
		<ErrorFrame type="1">
			<Flags>0x0000</Flags>
			<AccessAddress>0x00000000</AccessAddress>
			<InstructionRegister>0x0000</InstructionRegister>
			<ProgramCounter>0x0003e632</ProgramCounter>
			<StatusRegister>0x0004</StatusRegister>
		</ErrorFrame>
	</ErrorReport>
	<ErrorReport>
		<ErrorTitle>CHK Instruction</ErrorTitle>
		<Registers>
			<d0>0x00000004</d0>
			<d1>0x00000000</d1>
			<d2>0xffffffff</d2>
			<d3>0x00002dee</d3>
			<d4>0x00000000</d4>
			<d5>0x000a0001</d5>
			<d6>0x00003463</d6>
			<d7>0x00003463</d7>
			<a0>0x00004c00</a0>
			<a1>0x00005b00</a1>
			<a2>0x0003ea0e</a2>
			<a3>0x0003e25a</a3>
			<a4>0x0000b260</a4>
			<a5>0x0023a93c</a5>
			<a6>0x00003cee</a6>
			<usp>0x00002de6</usp>
			<ssp>0x00004c00</ssp>
		</Registers>
		<ErrorFrame type="1">
			<Flags>0x0000</Flags>
			<AccessAddress>0x00000000</AccessAddress>
			<InstructionRegister>0x0000</InstructionRegister>
			<ProgramCounter>0x0003e63c</ProgramCounter>
			<StatusRegister>0x0000</StatusRegister>
		</ErrorFrame>
	</ErrorReport>
	<ErrorReport>
		<ErrorTitle>TRAPV Instruction</ErrorTitle>
		<Registers>
			<d0>0x0000007e</d0>
			<d1>0x00000000</d1>
			<d2>0xffffffff</d2>
			<d3>0x00002dee</d3>
			<d4>0x00000000</d4>
			<d5>0x000a0001</d5>
			<d6>0x00003463</d6>
			<d7>0x00003463</d7>
			<a0>0x00004c00</a0>
			<a1>0x00005b00</a1>
			<a2>0x0003ea0e</a2>
			<a3>0x0003e25a</a3>
			<a4>0x0000b260</a4>
			<a5>0x0023a93c</a5>
			<a6>0x00003cee</a6>
			<usp>0x00002de6</usp>
			<ssp>0x00004c00</ssp>
		</Registers>
		<ErrorFrame type="1">
			<Flags>0x0000</Flags>
			<AccessAddress>0x00000000</AccessAddress>
			<InstructionRegister>0x0000</InstructionRegister>
			<ProgramCounter>0x0003e646</ProgramCounter>
			<StatusRegister>0x0002</StatusRegister>
		</ErrorFrame>
	</ErrorReport>
	<ErrorReport>
		<ErrorTitle>Privilege Violation</ErrorTitle>
		<Registers>
			<d0>0x00000088</d0>
			<d1>0x00000000</d1>
			<d2>0xffffffff</d2>
			<d3>0x00002dee</d3>
			<d4>0x00000000</d4>
			<d5>0x000a0001</d5>
			<d6>0x00003463</d6>
			<d7>0x00003463</d7>
			<a0>0x00004c00</a0>
			<a1>0x00005b00</a1>
			<a2>0x0003ea0e</a2>
			<a3>0x0003e25a</a3>
			<a4>0x0000b260</a4>
			<a5>0x0023a93c</a5>
			<a6>0x00003cee</a6>
			<usp>0x00002de6</usp>
			<ssp>0x00004c00</ssp>
		</Registers>
		<ErrorFrame type="1">
			<Flags>0x0000</Flags>
			<AccessAddress>0x00000000</AccessAddress>
			<InstructionRegister>0x0000</InstructionRegister>
			<ProgramCounter>0x0003e64a</ProgramCounter>
			<StatusRegister>0x0000</StatusRegister>
		</ErrorFrame>
	</ErrorReport>
</Log>
